{"cameraMode":{"drawMode":0,"name":"Shaded","section":"Shading Mode"},"sceneLighting":true,"audioPlay":false,"sceneViewState":{"m_AlwaysRefresh":false,"showFog":true,"showSkybox":true,"showFlares":true,"showImageEffects":true,"showParticleSystems":true,"showVisualEffectGraphs":true,"m_FxEnabled":true},"in2DMode":false,"pivot":{"x":25.793437957763673,"y":2.1308305263519289,"z":31.470714569091798},"rotation":{"x":-0.06717433035373688,"y":-0.9326492547988892,"z":0.2599365711212158,"w":-0.24102135002613069},"size":0.8660253882408142,"orthographic":false}